defined_class	defined_class_name	phenotypic_ab	phenotypic_ab_label	created_by	date	defined_class_definition	comment	xref	syns
MAXO:0000047	obesity prevention recommendation	HP:0001513	obesity	https://orcid.org/0000-0001-7941-2961	2020-09-15T11:00:00Z				
MAXO:0000045	dehydration prevention recommendation	HP:0001944	dehydration	https://orcid.org/0000-0001-7941-2961	2020-09-15T11:00:00Z				
MAXO:0000046	hypertension prevention recommendation	HP:0000822	hypertension	https://orcid.org/0000-0001-7941-2961	2020-09-15T11:00:00Z				
MAXO:0000048	inflammation of the skin prevention recommendation	HP:0011123	inflammatory abnormality of the skin	https://orcid.org/0000-0001-7941-2961	2020-09-15T11:00:00Z				
MAXO:0001114	ketosis prevention recommendation	HP:0001946	ketosis	https://orcid.org/0000-0001-7941-2961	2020-09-15T11:00:00Z				
MAXO:0001115		HP:0000819	diabetes mellitus	https://orcid.org/0000-0001-7941-2961	2020-09-15T11:00:00Z				
MAXO:0001116	fever prevention recommendation	HP:0001945	fever	https://orcid.org/0000-0001-7941-2961	2020-09-15T11:00:00Z				
MAXO:0001117	seizure prevention recommendation	HP:0001250	seizures	https://orcid.org/0000-0001-7941-2961	2020-09-15T11:00:00Z	Recommendation to avoid triggers known to cause seizures or take medicine to avoid seizures.			
MAXO:0001118	hypotension prevention recommendation	HP:0002615	hypotension	https://orcid.org/0000-0001-7941-2961	2020-09-15T11:00:00Z				
MAXO:0001119	hyperglycemia prevention recommendation	HP:0003074	hyperglycemia	https://orcid.org/0000-0001-7941-2961	2020-09-15T11:00:00Z				
MAXO:0001120	weight loss avoidance recommendation	HP:0001824	weight loss	https://orcid.org/0000-0001-7941-2961	2020-09-15T11:00:00Z				