defined_class	defined_class_name	cell	cell_label	created_by	date	defined_class_definition	comment	xref	syns	xrefs_def
MAXO:0001356		CL:0000988	hematopoietic cell	https://orcid.org/0000-0001-7941-2961	2023-03-03T20:39:14Z					
MAXO:0001357		CL:0000542	lymphocyte	https://orcid.org/0000-0001-7941-2961	2023-03-03T20:39:14Z					
MAXO:0001358		CL:0000558	reticulocyte	https://orcid.org/0000-0001-7941-2961	2023-03-03T20:39:14Z					
MAXO:0000830		CL:0000232	erythrocyte	https://orcid.org/0000-0001-7941-2961	2023-03-03T20:39:14Z					
MAXO:0035072		CL:0000738	leukocyte	https://orcid.org/0000-0001-7941-2961	2023-03-03T20:39:14Z					
MAXO:0001360		CL:0000094	granulocyte	https://orcid.org/0000-0001-7941-2961	2023-03-03T20:39:14Z					
MAXO:0001361		CL:0000767	basophil	https://orcid.org/0000-0001-7941-2961	2023-03-03T20:39:14Z					
MAXO:0001362		CL:0000775	neutrophil	https://orcid.org/0000-0001-7941-2961	2023-03-03T20:39:14Z					
MAXO:0001363		CL:0000233	platelet	https://orcid.org/0000-0001-7941-2961	2023-03-03T20:39:14Z					
MAXO:0001364		CL:0000019	sperm	https://orcid.org/0000-0001-7941-2961	2023-03-03T20:39:14Z					
MAXO:0001365		CL:0000084	T cell	https://orcid.org/0000-0001-7941-2961	2023-03-03T20:39:14Z					
MAXO:0001366		CL:0000236	B cell	https://orcid.org/0000-0001-7941-2961	2023-03-03T20:39:14Z					
MAXO:0001376		CL:0000623	natural killer cell	https://orcid.org/0000-0001-7941-2961	2023-03-03T20:39:14Z					
MAXO:0001377		CL:0002155	echynocyte	https://orcid.org/0000-0001-7941-2961	2023-03-03T20:39:14Z					
MAXO:0001378		CL:0000453	langerhans cell	https://orcid.org/0000-0001-7941-2961	2023-03-03T20:39:14Z					
MAXO:0001379		CL:0000097	mast cell	https://orcid.org/0000-0001-7941-2961	2023-03-03T20:39:14Z					
MAXO:0001380		CL:0002573	schwann cell	https://orcid.org/0000-0001-7941-2961	2023-03-03T20:39:14Z					
MAXO:0001381		CL:0000763	myeloid cell	https://orcid.org/0000-0001-7941-2961	2023-03-03T20:39:14Z					
MAXO:0001382		CL:0000586	germ cell	https://orcid.org/0000-0001-7941-2961	2023-03-03T20:39:14Z					
MAXO:0001383		CL:0000125	glial cell	https://orcid.org/0000-0001-7941-2961	2023-03-03T20:39:14Z					
MAXO:0001384		CL:1000510	kidney glomerular epithelial cell	https://orcid.org/0000-0001-7941-2961	2023-03-03T20:39:14Z					
MAXO:0001385		CL:0000023	oocyte	https://orcid.org/0000-0001-7941-2961	2023-03-03T20:39:14Z					
MAXO:0001386		CL:0000766	myeloid leukocyte	https://orcid.org/0000-0001-7941-2961	2023-03-03T20:39:14Z					
MAXO:0001387		CL:0002092	bone marrow cell	https://orcid.org/0000-0001-7941-2961	2023-03-03T20:39:14Z					
MAXO:0035073		CL:0000556	megakaryocyte	https://orcid.org/0000-0001-7941-2961	2023-03-06T20:39:14Z					