defined_class	defined_class_name	cell	cell_label	created_by	date	defined_class_definition	comment	xref	syns
MAXO:0000546		CL:0000542	lymphocyte	https://orcid.org/0000-0001-7941-2961	2019-05-16T18:20:55Z				
MAXO:0000825		CL:0000558	reticulocyte	https://orcid.org/0000-0001-7941-2961	2019-05-16T18:20:55Z				
MAXO:0001007		CL:0000232	erythrocyte	https://orcid.org/0000-0001-7941-2961	2019-05-16T18:20:55Z				
MAXO:0001010		CL:0000738	leukocyte	https://orcid.org/0000-0001-7941-2961	2019-05-16T18:20:55Z				
MAXO:0000544		CL:0000094	granulocyte	https://orcid.org/0000-0001-7941-2961	2019-05-16T18:20:55Z				
MAXO:0000545		CL:0000767	basophil	https://orcid.org/0000-0001-7941-2961	2019-05-16T18:20:55Z				
MAXO:0000543		CL:0000771	eosinophil	https://orcid.org/0000-0001-7941-2961	2019-05-16T18:20:55Z				
MAXO:0001009		CL:0000775	neutrophil	https://orcid.org/0000-0001-7941-2961	2019-05-16T18:20:55Z				
MAXO:0001008		CL:0000233	platelet	https://orcid.org/0000-0001-7941-2961	2019-05-16T18:20:55Z				
MAXO:0001367		CL:0000019	sperm	https://orcid.org/0000-0001-7941-2961	2023-03-03T20:39:14Z				
MAXO:0001368		CL:0000912	helper T cell	https://orcid.org/0000-0001-7941-2961	2023-03-03T20:39:14Z				
MAXO:0001369		CL:0000084	T cell	https://orcid.org/0000-0001-7941-2961	2023-03-03T20:39:14Z				
MAXO:0001370		CL:0000236	B cell	https://orcid.org/0000-0001-7941-2961	2023-03-03T20:39:14Z				
MAXO:0001371		CL:0000623	natural killer cell	https://orcid.org/0000-0001-7941-2961	2023-03-03T20:39:14Z				
MAXO:0001372	burr cell count	CL:0002155	echynocyte	https://orcid.org/0000-0001-7941-2961	2023-03-03T20:39:14Z				
MAXO:0001373		CL:0000786	plasma cell	https://orcid.org/0000-0001-7941-2961	2023-03-03T20:39:14Z				
MAXO:0001374		CL:0000451	dendritic cell	https://orcid.org/0000-0001-7941-2961	2023-03-03T20:39:14Z				
MAXO:0001375		CL:0000815	regulatory T cell	https://orcid.org/0000-0001-7941-2961	2023-03-03T20:39:14Z				T reg cell count
MAXO:0001509		CL:0000081	blood cell	https://orcid.org/0000-0001-7941-2961	2023-11-01T20:39:14Z				CBC|complete blood cell count|complete blood count|full blood count